Workbook

Sheet How to use
A1: NeoStay — feature inventory
A2: Everything NeoStay does today, and everything it still needs. One row per feature.
A4: What this workbook is for
A5: A single list of every NeoStay feature, so the project leads and the hospital can agree what already works, what is partly there, and what has to be built or supplied. Use it in a review meeting: read down the list, change the Status where you disagree, and the Summary sheet updates itself.
A8: How to fill it in
A9: Work on the 'Feature inventory' sheet. Only three columns are meant to be changed: Status, Priority and Notes. Status and Priority are drop-down lists — click the cell and pick a value. Everything else describes the feature and should be left as it is.
A12: What the Status values mean
A14: Status | B14: Meaning
A15: Have | B15: Built and working today. The 'Where it stands today' column names the file or document that proves it.
A16: Partial | B16: Something is in place, but not to the standard the hospital needs. The gap is stated in the row.
A17: Not yet | B17: Not built. Most of these wait on data or on a decision by the hospital, not on development time.
A18: Not planned | B18: Agreed to be out of scope. Nothing in the list carries this value yet — use it to record a decision.
A20: An example row, filled in
A21: ID | B21: Area | C21: Feature | D21: Status | E21: Priority | F21: Notes
A22: S-12 | B22: Staffing and rostering | C22: Named nurses, not counts | D22: Not yet | E22: Must | F22: Workforce list promised by the matron for March; revisit then.
A24: Shaded cells are the ones you change. Nothing in this workbook contains patient data, and no figure in it is randomly generated: every 'Have' is traceable to a file in the repository or to a document in docs/.
A27: Project and Clinical Lead | D27: Waseem Altaf, MD, Neonatologist
A28: Technical Lead, Lead Developer and Applied AI/Data Science Lead | D28: Abdul Razak, PhD
A29: Companion documents | D29: docs/NeoStay-Project-Dossier.pdf · docs/NeoStay-Data-Requirements.pdf

Sheet Feature inventory
A1: Feature inventory
A2: Change Status, Priority and Notes only. The Summary sheet counts whatever you leave here.
A4: ID | B4: Area | C4: Feature | D4: What it does | E4: Status | F4: Priority | G4: Data or input needed | H4: Where it stands today | I4: Notes
A5: P-01 | B5: Outcome prediction | C5: Length-of-stay forecast | D5: Expected days in the unit for one infant, from birth weight and gestational age. | E5: Have | F5: Must | G5: Aggregated outcome tables (already held) | H5: backend/app/predictor.py and frontend/engine.js; interpolated across 11 weight bands and 18 gestational-age groups.
A6: P-02 | B6: Outcome prediction | C6: Honest range around the forecast | D6: Q1-Q3 interval shown with every estimate, so a single number is never quoted alone. | E6: Have | F6: Must | G6: Quartiles in the outcome tables (already held) | H6: Interquartile range carried through the same interpolation.
A7: P-03 | B7: Outcome prediction | C7: Discharge outcome mix | D7: Chance of going home, being transferred, or dying, for infants of this size and age. | E7: Have | F7: Must | G7: By-disposition tables (already held) | H7: Derived from the recorded counts per band.
A8: P-04 | B8: Outcome prediction | C8: Survival estimate | D8: Survival to discharge for the matched group. | E8: Have | F8: Must | G8: By-disposition tables (already held) | H8: Shown with the outcome mix on the Predict page.
A9: P-05 | B9: Outcome prediction | C9: Confidence grade | D9: States how many similar infants stand behind the estimate, and grades it high, moderate or low. | E9: Have | F9: Must | G9: Counts per band (already held) | H9: Thresholds of 50, 20 and 5 infants.
A10: P-06 | B10: Outcome prediction | C10: Condition-on-admission modifier | D10: Adjusts the forecast for how sick the infant was on admission. | E10: Have | F10: Should | G10: Clinical judgement entered by the user | H10: Fixed multiplier set by the model, not fitted to data.
A11: P-07 | B11: Outcome prediction | C11: Breathing-support modifier | D11: Adjusts the forecast for the level of respiratory support. | E11: Have | F11: Should | G11: Entered by the user | H11: Fixed multiplier set by the model, not fitted to data.
A12: P-08 | B12: Outcome prediction | C12: Care-phase profile for the stay | D12: Splits the predicted stay into intensive, intermediate and convalescent days. | E12: Have | F12: Should | G12: None beyond the forecast | H12: backend/app/nursing.py; drives the nursing workload for one infant.
A13: P-09 | B13: Outcome prediction | C13: Model fitted to individual records | D13: A survival model (accelerated failure time or Cox) trained on this hospital's own patients. | E13: Not yet | F13: Must | G13: D1 patient-level records, 3-5 years | H13: Cannot be built from aggregated tables; needs the data request in the Data and Feature Requirements document.
A14: P-10 | B14: Outcome prediction | C14: Competing risks handled properly | D14: Separates discharge home from death and transfer instead of treating them as one event. | E14: Not yet | F14: Must | G14: D1 patient-level records with outcome and date | H14: Planned: Fine-Gray or multi-state model.
A15: P-11 | B15: Outcome prediction | C15: Calibrated prediction intervals | D15: Intervals with a stated coverage, checked against observed outcomes. | E15: Not yet | F15: Should | G15: D1 patient-level records | H15: Planned: conformal prediction over the fitted model.
A16: P-12 | B16: Outcome prediction | C16: Forecast that updates during the stay | D16: Re-estimates the remaining stay each day as the infant's course unfolds. | E16: Not yet | F16: Should | G16: D2 daily clinical course | H16: Planned: landmark or multi-state model.
... A99: G-08 | B99: Governance and assurance | C99: Research and publication plan | D99: Agreed authorship, reporting standard and approvals for publication. | E99: Not yet | F99: Should | G99: Agreement between the leads and the hospital | H99: To be agreed with the data request.

Sheet Summary
A1: Where the project stands
A2: Every figure on this sheet counts the Feature inventory sheet. Change a Status there and these move.
A4: Status | B4: Features | C4: Share
A5: Have | B5: =COUNTIF('Feature inventory'!$E$5:$E$99,A5) -> 49 | C5: =IF($B$9=0,0,B5/$B$9) -> 0.51578947
A6: Partial | B6: =COUNTIF('Feature inventory'!$E$5:$E$99,A6) -> 3 | C6: =IF($B$9=0,0,B6/$B$9) -> 0.031578947
A7: Not yet | B7: =COUNTIF('Feature inventory'!$E$5:$E$99,A7) -> 43 | C7: =IF($B$9=0,0,B7/$B$9) -> 0.45263158
A8: Not planned | B8: =COUNTIF('Feature inventory'!$E$5:$E$99,A8) -> 0 | C8: =IF($B$9=0,0,B8/$B$9) -> 0
A9: All features | B9: =COUNTA('Feature inventory'!$A$5:$A$99) -> 95
A11: By area
A12: Area | B12: Have | C12: Partial | D12: Not yet | E12: Not planned | F12: All | G12: Share we have
A13: Outcome prediction | B13: =COUNTIFS('Feature inventory'!$B$5:$B$99,$A13,'Feature inventory'!$E$5:$E$99,B$12) -> 8 | C13: =COUNTIFS('Feature inventory'!$B$5:$B$99,$A13,'Feature inventory'!$E$5:$E$99,C$12) -> 0 | D13: =COUNTIFS('Feature inventory'!$B$5:$B$99,$A13,'Feature inventory'!$E$5:$E$99,D$12) -> 6 | E13: =COUNTIFS('Feature inventory'!$B$5:$B$99,$A13,'Feature inventory'!$E$5:$E$99,E$12) -> 0 | F13: =SUM(B13:E13) -> 14 | G13: =IF($F13=0,0,B13/$F13) -> 0.57142857
A14: Acuity and levels of care | B14: =COUNTIFS('Feature inventory'!$B$5:$B$99,$A14,'Feature inventory'!$E$5:$E$99,B$12) -> 5 | C14: =COUNTIFS('Feature inventory'!$B$5:$B$99,$A14,'Feature inventory'!$E$5:$E$99,C$12) -> 0 | D14: =COUNTIFS('Feature inventory'!$B$5:$B$99,$A14,'Feature inventory'!$E$5:$E$99,D$12) -> 3 | E14: =COUNTIFS('Feature inventory'!$B$5:$B$99,$A14,'Feature inventory'!$E$5:$E$99,E$12) -> 0 | F14: =SUM(B14:E14) -> 8 | G14: =IF($F14=0,0,B14/$F14) -> 0.625
A15: Staffing and rostering | B15: =COUNTIFS('Feature inventory'!$B$5:$B$99,$A15,'Feature inventory'!$E$5:$E$99,B$12) -> 9 | C15: =COUNTIFS('Feature inventory'!$B$5:$B$99,$A15,'Feature inventory'!$E$5:$E$99,C$12) -> 0 | D15: =COUNTIFS('Feature inventory'!$B$5:$B$99,$A15,'Feature inventory'!$E$5:$E$99,D$12) -> 7 | E15: =COUNTIFS('Feature inventory'!$B$5:$B$99,$A15,'Feature inventory'!$E$5:$E$99,E$12) -> 0 | F15: =SUM(B15:E15) -> 16 | G15: =IF($F15=0,0,B15/$F15) -> 0.5625
A16: Analytics and reporting | B16: =COUNTIFS('Feature inventory'!$B$5:$B$99,$A16,'Feature inventory'!$E$5:$E$99,B$12) -> 4 | C16: =COUNTIFS('Feature inventory'!$B$5:$B$99,$A16,'Feature inventory'!$E$5:$E$99,C$12) -> 0 | D16: =COUNTIFS('Feature inventory'!$B$5:$B$99,$A16,'Feature inventory'!$E$5:$E$99,D$12) -> 6 | E16: =COUNTIFS('Feature inventory'!$B$5:$B$99,$A16,'Feature inventory'!$E$5:$E$99,E$12) -> 0 | F16: =SUM(B16:E16) -> 10 | G16: =IF($F16=0,0,B16/$F16) -> 0.4
A17: Access and security | B17: =COUNTIFS('Feature inventory'!$B$5:$B$99,$A17,'Feature inventory'!$E$5:$E$99,B$12) -> 6 | C17: =COUNTIFS('Feature inventory'!$B$5:$B$99,$A17,'Feature inventory'!$E$5:$E$99,C$12) -> 0 | D17: =COUNTIFS('Feature inventory'!$B$5:$B$99,$A17,'Feature inventory'!$E$5:$E$99,D$12) -> 4 | E17: =COUNTIFS('Feature inventory'!$B$5:$B$99,$A17,'Feature inventory'!$E$5:$E$99,E$12) -> 0 | F17: =SUM(B17:E17) -> 10 | G17: =IF($F17=0,0,B17/$F17) -> 0.6
A18: Deployment and operations | B18: =COUNTIFS('Feature inventory'!$B$5:$B$99,$A18,'Feature inventory'!$E$5:$E$99,B$12) -> 8 | C18: =COUNTIFS('Feature inventory'!$B$5:$B$99,$A18,'Feature inventory'!$E$5:$E$99,C$12) -> 2 | D18: =COUNTIFS('Feature inventory'!$B$5:$B$99,$A18,'Feature inventory'!$E$5:$E$99,D$12) -> 1 | E18: =COUNTIFS('Feature inventory'!$B$5:$B$99,$A18,'Feature inventory'!$E$5:$E$99,E$12) -> 0 | F18: =SUM(B18:E18) -> 11 | G18: =IF($F18=0,0,B18/$F18) -> 0.72727273
A19: Data and integration | B19: =COUNTIFS('Feature inventory'!$B$5:$B$99,$A19,'Feature inventory'!$E$5:$E$99,B$12) -> 2 | C19: =COUNTIFS('Feature inventory'!$B$5:$B$99,$A19,'Feature inventory'!$E$5:$E$99,C$12) -> 0 | D19: =COUNTIFS('Feature inventory'!$B$5:$B$99,$A19,'Feature inventory'!$E$5:$E$99,D$12) -> 7 | E19: =COUNTIFS('Feature inventory'!$B$5:$B$99,$A19,'Feature inventory'!$E$5:$E$99,E$12) -> 0 | F19: =SUM(B19:E19) -> 9 | G19: =IF($F19=0,0,B19/$F19) -> 0.22222222
A20: Usability and training | B20: =COUNTIFS('Feature inventory'!$B$5:$B$99,$A20,'Feature inventory'!$E$5:$E$99,B$12) -> 5 | C20: =COUNTIFS('Feature inventory'!$B$5:$B$99,$A20,'Feature inventory'!$E$5:$E$99,C$12) -> 1 | D20: =COUNTIFS('Feature inventory'!$B$5:$B$99,$A20,'Feature inventory'!$E$5:$E$99,D$12) -> 3 | E20: =COUNTIFS('Feature inventory'!$B$5:$B$99,$A20,'Feature inventory'!$E$5:$E$99,E$12) -> 0 | F20: =SUM(B20:E20) -> 9 | G20: =IF($F20=0,0,B20/$F20) -> 0.55555556
A21: Governance and assurance | B21: =COUNTIFS('Feature inventory'!$B$5:$B$99,$A21,'Feature inventory'!$E$5:$E$99,B$12) -> 2 | C21: =COUNTIFS('Feature inventory'!$B$5:$B$99,$A21,'Feature inventory'!$E$5:$E$99,C$12) -> 0 | D21: =COUNTIFS('Feature inventory'!$B$5:$B$99,$A21,'Feature inventory'!$E$5:$E$99,D$12) -> 6 | E21: =COUNTIFS('Feature inventory'!$B$5:$B$99,$A21,'Feature inventory'!$E$5:$E$99,E$12) -> 0 | F21: =SUM(B21:E21) -> 8 | G21: =IF($F21=0,0,B21/$F21) -> 0.25
A23: Still to build, by priority
A24: Priority | B24: Not yet | C24: Partial | D24: Both
A25: Must | B25: =COUNTIFS('Feature inventory'!$F$5:$F$99,$A25,'Feature inventory'!$E$5:$E$99,"Not yet") -> 23 | C25: =COUNTIFS('Feature inventory'!$F$5:$F$99,$A25,'Feature inventory'!$E$5:$E$99,"Partial") -> 2 | D25: =B25+C25 -> 25
A26: Should | B26: =COUNTIFS('Feature inventory'!$F$5:$F$99,$A26,'Feature inventory'!$E$5:$E$99,"Not yet") -> 13 | C26: =COUNTIFS('Feature inventory'!$F$5:$F$99,$A26,'Feature inventory'!$E$5:$E$99,"Partial") -> 1 | D26: =B26+C26 -> 14
A27: Could | B27: =COUNTIFS('Feature inventory'!$F$5:$F$99,$A27,'Feature inventory'!$E$5:$E$99,"Not yet") -> 7 | C27: =COUNTIFS('Feature inventory'!$F$5:$F$99,$A27,'Feature inventory'!$E$5:$E$99,"Partial") -> 0 | D27: =B27+C27 -> 7
A28: Later | B28: =COUNTIFS('Feature inventory'!$F$5:$F$99,$A28,'Feature inventory'!$E$5:$E$99,"Not yet") -> 0 | C28: =COUNTIFS('Feature inventory'!$F$5:$F$99,$A28,'Feature inventory'!$E$5:$E$99,"Partial") -> 0 | D28: =B28+C28 -> 0
A30: Most of what is missing waits on data from the hospital, not on development time. The Data and Feature Requirements document (docs/NeoStay-Data-Requirements.pdf) lists each extract D1 to D6 referred to in the 'Data or input needed' column.
